"Four-Year Graduation Rates, 2013-14"
"All Districts, English Learner Status"

"",,,"Non-Graduates",,,
"District","English Learner Status","Four-Year Cohort Count","Still Enrolled Count","Still Enrolled Rate","Other Count","Other Rate"
"Amistad Academy District","Non-ELL",23,"*","*","*","*"
"Ansonia School District","Non-ELL","*","*","*","*","*"
"Ansonia School District","ELL","*","*","*","*","*"
"Avon School District","Non-ELL",272,"*","*","*","*"
"Berlin School District","Non-ELL","*","*","*","*","*"
"Berlin School District","ELL","*","*","*","*","*"
"Bethel School District","Non-ELL",238,"*","*","*","*"
"Bethel School District","ELL",6,"*","*","*","*"
"Bloomfield School District","Non-ELL","*","*","*","*","*"
"Bloomfield School District","ELL","*","*","*","*","*"
"Bolton School District","Non-ELL",103,"*","*","*","*"
"Branford School District","Non-ELL","*","*","*","*","*"
"Branford School District","ELL","*","*","*","*","*"
"Bridgeport School District","Non-ELL",1075,99,9.2,190,17.7
"Bridgeport School District","ELL",172,18,10.5,48,27.9
"Bristol School District","Non-ELL",678,"*","*","*","*"
"Bristol School District","ELL",21,"*","*","*","*"
"Brookfield School District","Non-ELL","*","*","*","*","*"
"Brookfield School District","ELL","*","*","*","*","*"
"Canton School District","Non-ELL",136,"*","*","*","*"
"Capitol Region Education Council","Non-ELL","*","*","*","*","*"
"Capitol Region Education Council","ELL","*","*","*","*","*"
"Cheshire School District","Non-ELL","*","*","*","*","*"
"Cheshire School District","ELL","*","*","*","*","*"
"Clinton School District","Non-ELL","*","*","*","*","*"
"Clinton School District","ELL","*","*","*","*","*"
"Colchester School District","Non-ELL","*","*","*","*","*"
"Colchester School District","ELL","*","*","*","*","*"
"Common Ground High School District","Non-ELL",29,"*","*","*","*"
"Connecticut Technical High School System","Non-ELL",2386,"*","*","*","*"
"Connecticut Technical High School System","ELL",37,"*","*","*","*"
"Coventry School District","Non-ELL",133,"*","*","*","*"
"Cromwell School District","Non-ELL","*","*","*","*","*"
"Cromwell School District","ELL","*","*","*","*","*"
"Danbury School District","Non-ELL",676,64,9.5,60,8.9
"Danbury School District","ELL",85,19,22.4,24,28.2
"Darien School District","Non-ELL","*","*","*","*","*"
"Darien School District","ELL","*","*","*","*","*"
"Department of Mental Health and Addiction Services","Non-ELL","*","*","*","*","*"
"Department of Mental Health and Addiction Services","ELL","*","*","*","*","*"
"Derby School District","Non-ELL","*","*","*","*","*"
"Derby School District","ELL","*","*","*","*","*"
"East Granby School District","Non-ELL",66,"*","*","*","*"
"East Haddam School District","Non-ELL",105,"*","*","*","*"
"East Hampton School District","Non-ELL",121,"*","*","*","*"
"East Hartford School District","Non-ELL",472,50,10.6,45,9.5
"East Hartford School District","ELL",35,9,25.7,6,17.1
"East Haven School District","Non-ELL",252,"*","*","*","*"
"East Haven School District","ELL",8,"*","*","*","*"
"East Lyme School District","Non-ELL","*","*","*","*","*"
"East Lyme School District","ELL","*","*","*","*","*"
"East Windsor School District","Non-ELL","*","*","*","*","*"
"East Windsor School District","ELL","*","*","*","*","*"
"Eastern Connecticut Regional Educational Service Center (EASTCONN)","Non-ELL","*","*","*","*","*"
"Eastern Connecticut Regional Educational Service Center (EASTCONN)","ELL","*","*","*","*","*"
"Ellington School District","Non-ELL","*","*","*","*","*"
"Ellington School District","ELL","*","*","*","*","*"
"Elm City College Preparatory School District","Non-ELL","*","*","*","*","*"
"Elm City College Preparatory School District","ELL","*","*","*","*","*"
"Enfield School District","Non-ELL","*","*","*","*","*"
"Enfield School District","ELL","*","*","*","*","*"
"Explorations District","Non-ELL",27,"*","*","*","*"
"Fairfield School District","Non-ELL",717,"*","*","*","*"
"Fairfield School District","ELL",11,"*","*","*","*"
"Farmington School District","Non-ELL","*","*","*","*","*"
"Farmington School District","ELL","*","*","*","*","*"
"Glastonbury School District","Non-ELL","*","*","*","*","*"
"Glastonbury School District","ELL","*","*","*","*","*"
"Granby School District","Non-ELL","*","*","*","*","*"
"Granby School District","ELL","*","*","*","*","*"
"Greenwich School District","Non-ELL",643,19,3.0,"*","*"
"Greenwich School District","ELL",27,6,22.2,"*","*"
"Griswold School District","Non-ELL",170,10,5.9,16,9.4
"Groton School District","Non-ELL",307,"*","*","*","*"
"Groton School District","ELL",10,"*","*","*","*"
"Guilford School District","Non-ELL","*","*","*","*","*"
"Guilford School District","ELL","*","*","*","*","*"
"Hamden School District","Non-ELL",447,"*","*","*","*"
"Hamden School District","ELL",11,"*","*","*","*"
"Hartford School District","Non-ELL",1182,149,12.6,165,14.0
"Hartford School District","ELL",188,25,13.3,51,27.1
"Killingly School District","Non-ELL","*","*","*","*","*"
"Killingly School District","ELL","*","*","*","*","*"
"Learn","Non-ELL","*","*","*","*","*"
"Learn","ELL","*","*","*","*","*"
"Lebanon School District","Non-ELL",105,"*","*","*","*"
"Ledyard School District","Non-ELL","*","*","*","*","*"
"Ledyard School District","ELL","*","*","*","*","*"
"Lisbon School District","Non-ELL","*","*","*","*","*"
"Litchfield School District","Non-ELL",69,"*","*","*","*"
"Madison School District","Non-ELL","*","*","*","*","*"
"Madison School District","ELL","*","*","*","*","*"
"Manchester School District","Non-ELL",440,"*","*","*","*"
"Manchester School District","ELL",14,"*","*","*","*"
"Meriden School District","Non-ELL",554,41,7.4,77,13.9
"Meriden School District","ELL",61,9,14.8,20,32.8
"Middletown School District","Non-ELL","*","*","*","*","*"
"Middletown School District","ELL","*","*","*","*","*"
"Milford School District","Non-ELL","*","*","*","*","*"
"Milford School District","ELL","*","*","*","*","*"
"Monroe School District","Non-ELL",300,"*","*","*","*"
"Montville School District","Non-ELL",186,"*","*","*","*"
"Montville School District","ELL",7,"*","*","*","*"
"Naugatuck School District","Non-ELL",324,"*","*","*","*"
"Naugatuck School District","ELL",9,"*","*","*","*"
"New Britain School District","Non-ELL",563,97,17.2,96,17.1
"New Britain School District","ELL",93,20,21.5,26,28.0
"New Canaan School District","Non-ELL",312,"*","*","*","*"
"New Fairfield School District","Non-ELL","*","*","*","*","*"
"New Fairfield School District","ELL","*","*","*","*","*"
"New Haven School District","Non-ELL",1206,97,8.0,180,14.9
"New Haven School District","ELL",103,7,6.8,37,35.9
"New London School District","Non-ELL",189,"*","*",33,17.5
"New London School District","ELL",39,"*","*",10,25.6
"New Milford School District","Non-ELL","*","*","*","*","*"
"New Milford School District","ELL","*","*","*","*","*"
"Newington School District","Non-ELL",353,"*","*","*","*"
"Newington School District","ELL",11,"*","*","*","*"
"Newtown School District","Non-ELL","*","*","*","*","*"
"Newtown School District","ELL","*","*","*","*","*"
"North Branford School District","Non-ELL","*","*","*","*","*"
"North Branford School District","ELL","*","*","*","*","*"
"North Haven School District","Non-ELL","*","*","*","*","*"
"North Haven School District","ELL","*","*","*","*","*"
"North Stonington School District","Non-ELL",56,"*","*","*","*"
"Norwalk School District","Non-ELL",756,68,9.0,42,5.6
"Norwalk School District","ELL",66,14,21.2,9,13.6
"Norwich Free Academy District","Non-ELL",582,"*","*","*","*"
"Norwich Free Academy District","ELL",31,"*","*","*","*"
"Old Saybrook School District","Non-ELL","*","*","*","*","*"
"Old Saybrook School District","ELL","*","*","*","*","*"
"Oxford School District","Non-ELL","*","*","*","*","*"
"Oxford School District","ELL","*","*","*","*","*"
"Plainfield School District","Non-ELL","*","*","*","*","*"
"Plainfield School District","ELL","*","*","*","*","*"
"Plainville School District","Non-ELL","*","*","*","*","*"
"Plainville School District","ELL","*","*","*","*","*"
"Plymouth School District","Non-ELL","*","*","*","*","*"
"Plymouth School District","ELL","*","*","*","*","*"
"Portland School District","Non-ELL","*","*","*","*","*"
"Portland School District","ELL","*","*","*","*","*"
"Putnam School District","Non-ELL","*","*","*","*","*"
"Putnam School District","ELL","*","*","*","*","*"
"Regional School District 01","Non-ELL",121,6,5.0,7,5.8
"Regional School District 04","Non-ELL","*","*","*","*","*"
"Regional School District 04","ELL","*","*","*","*","*"
"Regional School District 05","Non-ELL","*","*","*","*","*"
"Regional School District 05","ELL","*","*","*","*","*"
"Regional School District 06","Non-ELL","*","*","*","*","*"
"Regional School District 06","ELL","*","*","*","*","*"
"Regional School District 07","Non-ELL",211,"*","*","*","*"
"Regional School District 08","Non-ELL","*","*","*","*","*"
"Regional School District 08","ELL","*","*","*","*","*"
"Regional School District 09","Non-ELL","*","*","*","*","*"
"Regional School District 09","ELL","*","*","*","*","*"
"Regional School District 10","Non-ELL",218,6,2.8,6,2.8
"Regional School District 11","Non-ELL",40,"*","*","*","*"
"Regional School District 12","Non-ELL",81,"*","*","*","*"
"Regional School District 13","Non-ELL",134,"*","*","*","*"
"Regional School District 14","Non-ELL","*","*","*","*","*"
"Regional School District 14","ELL","*","*","*","*","*"
"Regional School District 15","Non-ELL","*","*","*","*","*"
"Regional School District 15","ELL","*","*","*","*","*"
"Regional School District 16","Non-ELL",181,"*","*","*","*"
"Regional School District 17","Non-ELL","*","*","*","*","*"
"Regional School District 17","ELL","*","*","*","*","*"
"Regional School District 18","Non-ELL",108,"*","*","*","*"
"Regional School District 19","Non-ELL","*","*","*","*","*"
"Regional School District 19","ELL","*","*","*","*","*"
"Ridgefield School District","Non-ELL","*","*","*","*","*"
"Ridgefield School District","ELL","*","*","*","*","*"
"Rocky Hill School District","Non-ELL",177,"*","*","*","*"
"Rocky Hill School District","ELL",6,"*","*","*","*"
"Seymour School District","Non-ELL","*","*","*","*","*"
"Seymour School District","ELL","*","*","*","*","*"
"Shelton School District","Non-ELL","*","*","*","*","*"
"Shelton School District","ELL","*","*","*","*","*"
"Simsbury School District","Non-ELL","*","*","*","*","*"
"Simsbury School District","ELL","*","*","*","*","*"
"Somers School District","Non-ELL",131,"*","*","*","*"
"South Windsor School District","Non-ELL","*","*","*","*","*"
"South Windsor School District","ELL","*","*","*","*","*"
"Southington School District","Non-ELL","*","*","*","*","*"
"Southington School District","ELL","*","*","*","*","*"
"Stafford School District","Non-ELL","*","*","*","*","*"
"Stafford School District","ELL","*","*","*","*","*"
"Stamford Academy District","Non-ELL",57,32,56.1,11,19.3
"Stamford School District","Non-ELL",1101,64,5.8,45,4.1
"Stamford School District","ELL",99,9,9.1,15,15.2
"Stonington School District","Non-ELL",177,"*","*","*","*"
"Stratford School District","Non-ELL",637,"*","*","*","*"
"Stratford School District","ELL",9,"*","*","*","*"
"Suffield School District","Non-ELL","*","*","*","*","*"
"Suffield School District","ELL","*","*","*","*","*"
"The Bridge Academy District","Non-ELL",34,"*","*","*","*"
"The Gilbert School District","Non-ELL","*","*","*","*","*"
"The Gilbert School District","ELL","*","*","*","*","*"
"Thomaston School District","Non-ELL",72,"*","*","*","*"
"Thompson School District","Non-ELL",86,"*","*","*","*"
"Tolland School District","Non-ELL",229,"*","*","*","*"
"Torrington School District","Non-ELL",266,"*","*","*","*"
"Torrington School District","ELL",6,"*","*","*","*"
"Trumbull School District","Non-ELL",547,"*","*","*","*"
"Trumbull School District","ELL",8,"*","*","*","*"
"Unified School District #1","Non-ELL","*","*","*","*","*"
"Unified School District #1","ELL","*","*","*","*","*"
"Unified School District #2","Non-ELL",65,13,20.0,34,52.3
"Vernon School District","Non-ELL",291,"*","*","*","*"
"Vernon School District","ELL",8,"*","*","*","*"
"Wallingford School District","Non-ELL",484,"*","*","*","*"
"Wallingford School District","ELL",6,"*","*","*","*"
"Waterbury School District","Non-ELL",1184,69,5.8,269,22.7
"Waterbury School District","ELL",166,9,5.4,87,52.4
"Waterford School District","Non-ELL","*","*","*","*","*"
"Waterford School District","ELL","*","*","*","*","*"
"Watertown School District","Non-ELL","*","*","*","*","*"
"Watertown School District","ELL","*","*","*","*","*"
"West Hartford School District","Non-ELL",723,"*","*","*","*"
"West Hartford School District","ELL",18,"*","*","*","*"
"West Haven School District","Non-ELL",411,"*","*","*","*"
"West Haven School District","ELL",13,"*","*","*","*"
"Westbrook School District","Non-ELL",72,"*","*","*","*"
"Weston School District","Non-ELL","*","*","*","*","*"
"Weston School District","ELL","*","*","*","*","*"
"Westport School District","Non-ELL","*","*","*","*","*"
"Westport School District","ELL","*","*","*","*","*"
"Wethersfield School District","Non-ELL",299,"*","*","*","*"
"Wethersfield School District","ELL",8,"*","*","*","*"
"Wilton School District","Non-ELL","*","*","*","*","*"
"Wilton School District","ELL","*","*","*","*","*"
"Windham School District","Non-ELL",143,"*","*",29,20.3
"Windham School District","ELL",40,"*","*",11,27.5
"Windsor Locks School District","Non-ELL","*","*","*","*","*"
"Windsor Locks School District","ELL","*","*","*","*","*"
"Windsor School District","Non-ELL",292,"*","*","*","*"
"Windsor School District","ELL",6,"*","*","*","*"
"Wolcott School District","Non-ELL","*","*","*","*","*"
"Wolcott School District","ELL","*","*","*","*","*"
"Woodstock Academy District","Non-ELL","*","*","*","*","*"
"Woodstock Academy District","ELL","*","*","*","*","*"

